<?xml version="1.0" encoding="UTF-8"?>
<beans xmlns="http://www.springframework.org/schema/beans"
	xmlns:xsi="http://www.w3.org/2001/XMLSchema-instance"
	xsi:schemaLocation="http://www.springframework.org/schema/beans http://www.springframework.org/schema/beans/spring-beans.xsd
		http://www.springframework.org/schema/context http://www.springframework.org/schema/context/spring-context.xsd
		http://www.springframework.org/schema/tx http://www.springframework.org/schema/tx/spring-tx.xsd
		http://www.springframework.org/schema/mvc http://www.springframework.org/schema/mvc/spring-mvc.xsd"
	xmlns:context="http://www.springframework.org/schema/context"
	xmlns:mvc="http://www.springframework.org/schema/mvc"
	xmlns:p="http://www.springframework.org/schema/p"
	xmlns:tx="http://www.springframework.org/schema/tx">

	<context:component-scan base-package="com.sbi" />
	
	<mvc:annotation-driven/>
	 	 
 	<bean name="/example1.do" 
 	class="com.sbi.controller.Example1Controller" />
 
	<!--  ========================================= URL Handler ===========================================  -->
	<bean class="org.springframework.web.servlet.handler.BeanNameUrlHandlerMapping" />
	
	<!--  ========================================= View Resolvers ===========================================  -->
	<bean
		class="org.springframework.web.servlet.view.BeanNameViewResolver">
	</bean>

	<bean
		class="org.springframework.web.servlet.view.InternalResourceViewResolver">
		<property name="prefix" value="/" />
		<property name="suffix" value=".jsp" />
	</bean>
  
  	

	
</beans>